DayOfWeek,TimeOfDay,mean,median,std,quantile_05,quantile_25,quantile_40,quantile_60,quantile_75,quantile_95,max,count
0,00:00:00,0.9022305394463352,0.6609117437830477,0.9035602952312574,0.0418154302421056,0.26337531561905986,0.4847657314103968,0.8503967119275101,1.242453096567481,2.476026353044363,3.333640917821178,19.46031746031746
0,00:30:00,0.8910032801461543,0.6540704066710601,0.8910419778262493,0.042245965524409276,0.2590583163445055,0.47697540645557907,0.8336095486357684,1.232469848873746,2.4197944575994064,3.3013110221892132,19.357142857142858
0,01:00:00,0.9265206296939377,0.6600080693458016,0.9493258184294243,0.04601760983346793,0.26521907910181053,0.4839376619035975,0.8554204008772572,1.2730592813091426,2.572405676913075,3.5605850500866465,19.484126984126984
0,01:30:00,0.9143656808218044,0.6562162306216653,0.9156528403310036,0.04477551418195824,0.26712477219156444,0.4881103884214293,0.859614369057322,1.2618186548305728,2.492566813806373,3.3804094245380676,19.444444444444443
0,02:00:00,0.9003810342028382,0.6620066023219893,0.8993212132919634,0.0423484501552877,0.2612447090108154,0.48367935706721854,0.8473329391885227,1.2516674457175183,2.429456897616584,3.3462248392376392,19.452380952380953
0,02:30:00,0.902225876205161,0.6516451560899631,0.902245965340182,0.044140708659696014,0.26631689349832544,0.4863886825873359,0.8400067184863924,1.262371056305777,2.4266355663001087,3.3793599719777045,19.46031746031746
0,03:00:00,0.8864211272139905,0.6372274766895865,0.8970497705907903,0.03933167001514556,0.25080313735185666,0.47324328084727,0.8206563106041217,1.234508690659902,2.434860396342623,3.329339546829946,19.428571428571427
0,03:30:00,0.899736296380119,0.6509578674459078,0.9189766934220467,0.04365078619633414,0.25987960558315737,0.46381970819349877,0.8321977382589464,1.2490074266925235,2.487198076891709,3.4391894588261507,19.515873015873016
0,04:00:00,0.896147090765587,0.6415197616279452,0.9042577919175616,0.041796356078216454,0.2646922177435947,0.4756476245876896,0.8277018434764131,1.257599883493344,2.4456104747532463,3.3743820260570763,19.46031746031746
0,04:30:00,0.8916862201783798,0.6388148229228188,0.9184215373625588,0.04096122087961454,0.25764783456678436,0.4632586747716711,0.8289735856710471,1.2280440812139977,2.4441838896551875,3.4672010548039793,19.484126984126984
0,05:00:00,0.8825467215769875,0.6344426951479621,0.9029766766682932,0.04473070376000514,0.25743198230930375,0.46567494743066445,0.8230344995257423,1.212939963084509,2.4067783770848092,3.412860917096141,19.61111111111111
0,05:30:00,0.8917121774418383,0.6339376314595438,0.9072506879814174,0.04301244049835907,0.26484474620916904,0.4735302396047135,0.8258836562530172,1.22045423320935,2.4530945097286634,3.4106062150474563,19.571428571428573
0,06:00:00,0.9055795158473725,0.6437907599227013,0.9226759660660877,0.044104457433410085,0.2576700239840677,0.47312979685922824,0.8281276361861585,1.2507919226186668,2.533848768013324,3.43413980547039,19.436507936507937
0,06:30:00,0.9327919127308093,0.6579523568145794,0.9499571864999232,0.0423389849655394,0.26587540321711406,0.47760993743494495,0.8445471107534714,1.288589513687059,2.63337680670556,3.47764153976338,19.38095238095238
0,07:00:00,0.9618190279078322,0.6947190055564261,0.9676062177362985,0.04447115168057322,0.291265207622196,0.5207872541372712,0.8687715656697533,1.2935770492857983,2.693349421975033,3.566797004054952,19.365079365079364
0,07:30:00,1.088398906637452,0.7350566971224002,1.1321752930612343,0.04767563914240793,0.30647772529932105,0.5471007950301253,0.9690790226910583,1.4538797501119356,3.147647631389244,4.0517754744136445,18.785714285714285
0,08:00:00,1.2161323189787316,0.8769883979640383,1.169963987352855,0.07294571875805399,0.3990470311169608,0.6760377549183564,1.0933645781244705,1.6587202338024776,3.311928756189527,4.091132632796517,17.61904761904762
0,08:30:00,1.4439383422256764,1.075208380617831,1.3162559019480333,0.07552755601596108,0.4745499748884296,0.8114789046985941,1.394050101936826,2.12432370659424,3.6923603389474384,4.256558880821726,15.841269841269842
0,09:00:00,1.5236494009410353,1.2571104693314472,1.3195924201918443,0.07366195509903375,0.5186601767496517,0.9182585221004269,1.5902016073023577,2.253519376180985,3.6555773086055883,4.25696725935531,14.706349206349206
0,09:30:00,1.9085071655774324,1.673331255786651,1.5434799429859871,0.07551609367627549,0.7684260388740506,1.3040233331313007,2.1149343923701873,2.8896225393267176,4.2400302730300075,4.666360609419993,13.261904761904763
0,10:00:00,1.9976581946246088,1.6961610859105816,1.721843837945369,0.07029611514472871,0.6867948021556363,1.2708097687193656,2.153324879223277,3.1196173359246537,4.5380296497837165,4.898150488505767,12.119047619047619
0,10:30:00,1.99949156327517,1.7224734259430656,1.7394297815322834,0.0709914808064248,0.6589796757686393,1.2472490550545547,2.2227226649796035,3.1124699425689855,4.555828340219267,4.946233155567875,11.84920634920635
0,11:00:00,1.9826998722520577,1.6494330781307662,1.7617891531558738,0.0653986961931874,0.5995775494103035,1.223196359050997,2.2207137283811647,3.1424541652753732,4.526334214873744,4.9331570621737955,11.333333333333334
0,11:30:00,1.960211889980618,1.532258695891417,1.8222653857286508,0.06325849204924335,0.544321113447074,1.1356845898790422,2.104827342880879,3.116390579043306,4.637370568181004,5.072716681373915,10.880952380952381
0,12:00:00,1.8717325519602162,1.4861131003277943,1.7389655152081538,0.06090717861253446,0.5303629974902252,1.1002379626680563,1.9794308775978817,2.976462793378411,4.4067596081299465,4.848944785791652,10.698412698412698
0,12:30:00,1.9006403173875712,1.461989331262165,1.7775275975584635,0.06160840987340708,0.5236365056846446,1.0937860869835259,2.006111827728749,3.0561911302990667,4.510047789425697,4.932616135926461,10.801587301587302
0,13:00:00,1.8564768657441346,1.4952505282111817,1.7168702137744902,0.06293083612375068,0.5267853747471878,1.0843079359710983,1.9684394086725912,2.9625939155575107,4.358074573336029,4.815790684465997,10.65079365079365
0,13:30:00,1.8953087878675028,1.5715306546273122,1.691798236227835,0.06448895966763422,0.5599487988143028,1.1455024203690731,2.1406292112181937,2.975441165428697,4.364387720245051,4.726548773652644,11.007936507936508
0,14:00:00,1.9678760027238527,1.627856566898731,1.7189843482384553,0.08372652935908703,0.6635643225933574,1.211561719823199,2.160448147431522,3.065084473064834,4.517727448102438,4.874738107908498,11.436507936507937
0,14:30:00,2.1039824160770535,1.8226445777696332,1.765331924157907,0.0967551008979891,0.7258154651474118,1.359668983009196,2.379745018521314,3.3838584024490577,4.584438922012231,4.894253232580534,11.53968253968254
0,15:00:00,2.083082571439898,1.8331689394856254,1.719342045204205,0.104863949127932,0.7256740415570818,1.3362424026908573,2.4006910890818407,3.3301046197991773,4.497589505584174,4.816653616652384,11.722222222222221
0,15:30:00,2.0535889544904173,1.7857678292355545,1.7202184948477233,0.10616045106507918,0.6728209561863214,1.2998666730422237,2.32485878139333,3.2490766079755975,4.524705831835373,4.822122591887126,11.88888888888889
0,16:00:00,2.006340987047213,1.759088889005064,1.6779628378539926,0.1143905139889831,0.6626921900960454,1.2495158383288227,2.3136612466051982,3.1517027886998,4.443715187807244,4.794915176041378,12.26984126984127
0,16:30:00,1.9256658883431443,1.6066266438973902,1.633266397278822,0.11448903853859176,0.6505269195401594,1.1791189247079077,2.096916077316104,2.992625423088789,4.432272516086031,4.794234761600652,13.404761904761905
0,17:00:00,1.7087200938411637,1.3273512219702865,1.5651644398707465,0.08666916694372348,0.5127025401015922,0.9866232904909396,1.6958943560902158,2.53672506117504,4.325875763936075,4.834876188406048,14.722222222222221
0,17:30:00,1.4346111206247936,0.9925850978356466,1.4303409790169044,0.07059521221461959,0.40561122936301514,0.7107936894514942,1.3202259751738235,2.017486401959527,3.985573780561783,4.635231498726578,15.88888888888889
0,18:00:00,1.2058137483763316,0.8201230893776444,1.2362678807267864,0.05573880166428996,0.3358425545427672,0.5800586658698709,1.1034621983419,1.664737612015212,3.424243557787987,4.223257430656732,16.42063492063492
0,18:30:00,1.108278591594255,0.7598755069034678,1.1386501589661846,0.046598950596108614,0.30784375302219896,0.5496120281808152,0.9960615123311571,1.5308942460997672,3.157937689952751,4.016971767129761,17.91269841269841
0,19:00:00,0.9478916821715627,0.6587691732638745,1.010582050371836,0.04387514292655216,0.2777695000693782,0.4889762616401553,0.8531756019534592,1.241573597002122,2.7298845840613133,3.793503040325047,18.182539682539684
0,19:30:00,1.0085252514196479,0.6855482662371788,1.0865589434819545,0.038632775667407394,0.27634663473223336,0.4902264838936567,0.892145364984415,1.3367691362606413,2.9100054627786567,4.053630383759521,18.928571428571427
0,20:00:00,0.9627344606535773,0.6882512143742433,0.9975010111406255,0.04188879315455958,0.2881802381532999,0.5093967169898515,0.8720882948699248,1.2884410959745751,2.6959412417215463,3.759894032054322,19.071428571428573
0,20:30:00,0.9436530059796363,0.6815794490924096,0.9549506955761324,0.03912602582087681,0.2910584811651667,0.5040530264389391,0.862518367851278,1.2850707549483125,2.5976447606310504,3.5695925113623646,19.174603174603174
0,21:00:00,0.9200197701922734,0.6781023499436813,0.9211059842295684,0.03874743698539064,0.2856660618903571,0.497332490943324,0.8628391758394375,1.250321896357995,2.500856070872772,3.4459465313059923,19.3015873015873
0,21:30:00,0.9347730532283517,0.6877814383747001,0.9286578671364205,0.04386968331343475,0.2926024780953218,0.51498144634524,0.8670727526841017,1.277655450444515,2.5555208555998274,3.4551248346859014,19.357142857142858
0,22:00:00,0.9303226499438424,0.6799116223168158,0.9363411833162698,0.040080909687757106,0.28307711633243116,0.4939462138626276,0.8647097438055227,1.2747608670530328,2.5532982279080083,3.4904176436167953,19.555555555555557
0,22:30:00,0.9264404618242131,0.6942778045972215,0.9087756907924156,0.04314123158243798,0.29242459981305435,0.5111226134165611,0.8630921711919275,1.2703923662498262,2.5080424300059962,3.348788023009929,19.444444444444443
0,23:00:00,0.9355535583138659,0.6825260211967765,0.9363807426714795,0.039774330151186824,0.287095861922078,0.5140475745236192,0.8585304255728157,1.2799875402320018,2.533668809380397,3.5232213185728787,19.523809523809526
0,23:30:00,0.9329812759818245,0.6881214935838027,0.9329698701051192,0.04249731841117625,0.28658375539146425,0.5059174570393961,0.8780524134017202,1.2613730920065067,2.5411637055304146,3.4994913202746836,19.50793650793651
1,00:00:00,0.918742979247617,0.6790452639261008,0.9148275395845753,0.04188817895915598,0.2856599476644406,0.5003406747625707,0.8547505972027353,1.2461799074353528,2.49762402178948,3.4504756297626087,19.53174603174603
1,00:30:00,0.9266476217240324,0.689364552622506,0.9157642668797353,0.041705276099904945,0.2975652164564158,0.5140899587393527,0.8636808710789109,1.2642812484738615,2.5080924245887872,3.3992228229607524,19.26984126984127
1,01:00:00,0.928379494522798,0.6956049915231872,0.9029574113661248,0.04763181490785271,0.29729777059397505,0.5195321288581346,0.870839319908213,1.2751895998548624,2.4847481562232785,3.3623124226564367,19.23015873015873
1,01:30:00,0.9331666795415007,0.6960937008662235,0.9191298827173647,0.04639529579388552,0.30089588059541006,0.5249560122248925,0.8705368311510873,1.2564247201161503,2.5100302568739568,3.432452668623296,19.253968253968253
1,02:00:00,0.9317494227778177,0.7000560166802958,0.9060229907416858,0.046135482660465174,0.3037121350075674,0.5292403309185044,0.8790810113317472,1.2773368624190946,2.4850776315586427,3.3508597468427563,19.22222222222222
1,02:30:00,0.924288666654031,0.676930173899694,0.928334499046251,0.042951615383953604,0.2849292949862557,0.4980021439914437,0.850880701953621,1.2672337544403007,2.519041651727107,3.487157658594,19.555555555555557
1,03:00:00,0.9351732804749918,0.6735794827612428,0.9517926053025412,0.040782231918678385,0.2843268394941448,0.49911370864849564,0.8515980384325366,1.2809625762426036,2.6084252851928498,3.5598054855946075,19.547619047619047
1,03:30:00,0.9425823928958387,0.6828639276730818,0.9611561705785304,0.04235150585345962,0.28627022897650317,0.502116346842474,0.858481621706659,1.2703442271911487,2.5642869201817593,3.655207200974476,19.476190476190474
1,04:00:00,0.9355493827127376,0.6741918019290923,0.9494686512329851,0.039376088227128535,0.27995529380833933,0.49218376004221254,0.8583830486398938,1.2674953941895797,2.614872304251228,3.540239987450582,19.50793650793651
1,04:30:00,0.922139382635716,0.6741879569198999,0.9331828434623525,0.04025615032813695,0.27292643966975083,0.48683938357567536,0.8635819272960449,1.272711911276544,2.5104259174691426,3.5055292089899157,19.61111111111111
1,05:00:00,0.9289799224331052,0.6700299991421605,0.943454040844443,0.03720604794839004,0.2811127815433702,0.48652115698796117,0.8492897139160068,1.2808423396077508,2.552756361331587,3.5284200886826613,19.5
1,05:30:00,0.9365371452095187,0.6784017093988278,0.9489673897092543,0.04330596131654815,0.28413206980250166,0.4881470788688009,0.8639001564792791,1.2864115015443807,2.5799274337367053,3.5763182534352875,19.650793650793652
1,06:00:00,0.9353595403638724,0.679996820147151,0.9388043399746451,0.03959598145336711,0.28484541897290655,0.5023013080142505,0.8761883368485981,1.273784830971816,2.561927653203731,3.521690250962742,19.58730158730159
1,06:30:00,0.9708587576291029,0.6805362319054901,0.9784912201399539,0.04532715991326966,0.2950189187323323,0.5195813495202312,0.8831521403595407,1.3350255730309806,2.6946866244270598,3.6409959808632877,19.365079365079364
1,07:00:00,0.9969130248627673,0.7174023744769625,1.0064048032979458,0.044204890861177674,0.3119067664962263,0.5400465364657488,0.9032622089088922,1.3230991420684048,2.800241039248049,3.7581946968049005,19.285714285714285
1,07:30:00,1.1657098968856252,0.7792705099278938,1.201168018935922,0.052189133747820166,0.3545550218762188,0.5986182909059614,1.01468923738083,1.5319361616169056,3.4110171417670148,4.265636245419408,18.61111111111111
1,08:00:00,1.2556029706653902,0.8787511216748631,1.2246608434318074,0.05344627993817117,0.403054850950751,0.6767469783093932,1.1474810629022119,1.7110000358730917,3.463118452652318,4.229233103239711,17.817460317460316
1,08:30:00,1.5989679171034532,1.2212484052274608,1.4389333579211796,0.0797138704148751,0.5207281469160071,0.9062497197569609,1.5652266234117893,2.3985462426934663,4.016212752278641,4.597069930104235,15.452380952380953
1,09:00:00,1.635860795228311,1.3048858760620563,1.4026248886024193,0.11255371350267673,0.5954308822473777,0.9946375271004213,1.6515244190070502,2.438419595897254,3.9099126688836012,4.501495087025369,14.126984126984127
1,09:30:00,2.090723685051622,1.8497712541344604,1.6184685044617073,0.14201847706861823,0.9217546431296189,1.4435485595604527,2.316987460378723,3.1447815504238723,4.5113746434246975,4.8573743972855485,12.714285714285714
1,10:00:00,2.24757761787822,1.9916110744409805,1.7619151460387972,0.1534629950042724,0.928761183833689,1.4928270422798995,2.56566236901856,3.509331065616631,4.719099476860892,5.0039091153773505,11.96031746031746
1,10:30:00,2.275732842342291,2.0412324766746326,1.7919633170226377,0.15502455690643782,0.9233260830436244,1.4855530597918325,2.615135352827214,3.6119450260330903,4.747548596032578,5.018057431800122,11.626984126984127
1,11:00:00,2.2649873382935612,2.094783647187647,1.7955468134131158,0.14904146557942238,0.8835483569696897,1.5120800367503688,2.6513235195788187,3.548705873277389,4.719548829759488,4.980578850600192,11.119047619047619
1,11:30:00,2.217067043354748,1.8835859784994893,1.8301241502931023,0.13280256427085566,0.8155883574181081,1.3939564887833604,2.5988306780131065,3.5658687976037355,4.721503019845555,5.011076288670755,10.626984126984127
1,12:00:00,2.1768401722277795,1.8412030871434995,1.8138640274688997,0.1288535668341095,0.8034299010437137,1.3845124653233483,2.4778056062227662,3.4460277970190476,4.722002374153656,5.039544875182603,10.555555555555555
1,12:30:00,2.081055807289967,1.7802325074984178,1.7787467054983122,0.11306844777645718,0.7334864182134744,1.3014825161775148,2.3255941511600526,3.25893172855484,4.582380351166771,4.949500775534987,10.38888888888889
1,13:00:00,1.9830914991436075,1.645534219976754,1.7593462859659956,0.09512760658663838,0.6456452419283985,1.2255547034181418,2.1604329019735973,3.0663003867143863,4.511408634632041,4.912504374040497,10.142857142857142
1,13:30:00,2.0322281864439096,1.643378879019926,1.7736626860637317,0.09271832557789782,0.6701148041691971,1.250252840308898,2.24664335215001,3.2084667140646244,4.5984123223965465,4.937857960674033,10.579365079365079
1,14:00:00,2.1015832690777922,1.75841542131088,1.7970381062554759,0.09585460324412011,0.7233532592636018,1.3081728613920276,2.346243584034048,3.327330859954186,4.68025732704062,5.0346415247417085,11.023809523809524
1,14:30:00,2.2132550273577776,1.9401181106628218,1.8254169097127717,0.11203658301971865,0.7636768477125503,1.4131552163213992,2.5559731898865694,3.586486320124138,4.735283088034779,5.04155552053375,11.412698412698413
1,15:00:00,2.183387620451873,1.8637254645957777,1.8094085571066607,0.12144142673887776,0.725783421417562,1.36566095095931,2.51019577582745,3.5697861112154197,4.71514924386961,5.006156814236974,11.785714285714286
1,15:30:00,2.1398220007054207,1.8399333774913365,1.795215543325832,0.12467308972083677,0.6824234057324209,1.2818980284350079,2.4920297807053995,3.439781157736799,4.709926507652218,5.039520717507321,12.015873015873016
1,16:00:00,2.0835854135094096,1.7885185081308157,1.7420384092879826,0.12475974557369233,0.6878608965279408,1.2826910594225578,2.377315520213916,3.3251547127065892,4.607854248979115,4.965161298834589,12.380952380952381
1,16:30:00,1.9815949454617785,1.623462539192901,1.6942871206161445,0.10716501379729323,0.6272327575025356,1.213209856135284,2.199829744142075,3.0794100013027577,4.593699052920232,4.983602235380726,13.761904761904763
1,17:00:00,1.7110545597292757,1.3002081345289436,1.5679382388794614,0.08364295180888522,0.5175819111648402,0.9584511482720331,1.7228724524469325,2.535254157812537,4.3481832538782035,4.844728361107387,15.0
1,17:30:00,1.3914132955177192,0.9384653850528062,1.4308080444627675,0.06858407653066442,0.3855761398693883,0.6929577923240653,1.2403391898221605,1.903988652356327,4.003424715548466,4.733731678676696,15.825396825396826
1,18:00:00,1.2059533047732276,0.7972697945528422,1.2680902613702052,0.05560561317248845,0.3275351111398234,0.5813735447712397,1.0566452186527238,1.6499684252786646,3.4796864117614823,4.402140701831213,16.404761904761905
1,18:30:00,1.1113858560819412,0.743403900151831,1.1945868587750115,0.04677901816880445,0.3026639138980664,0.5324219698740313,0.9658517388560857,1.4563524812253057,3.337785645822571,4.278552818467587,17.634920634920636
1,19:00:00,1.05042373480263,0.6931540604017786,1.154970576557495,0.044389634915661495,0.2788154733748406,0.502478012811281,0.9048935766500026,1.347876962422351,3.179120848872118,4.22190572863535,18.476190476190474
1,19:30:00,1.014582417253309,0.6900023225105235,1.0929100222533406,0.03991681397532231,0.2757416399837267,0.5090224917126936,0.8924278176617881,1.3439006910462015,2.986775120855278,4.077874995738432,18.952380952380953
1,20:00:00,0.9644367512423827,0.6943363070334709,1.0112359149247985,0.04485301014128173,0.27221280976801604,0.4936748609325733,0.8804512746208345,1.2816890656204996,2.7716976877534774,3.7728681993845785,19.07936507936508
1,20:30:00,0.9323406577795662,0.6889013433521608,0.948796688044669,0.04216998071518368,0.27916593585007676,0.5160166108316393,0.8650486761174168,1.2413691996852128,2.5441231772398583,3.587683311937017,19.103174603174605
1,21:00:00,0.9285133036189227,0.6792538362113334,0.9376424543680915,0.040569857020867614,0.2847023397961926,0.5026584214690283,0.8583035938352933,1.2460385418389193,2.607193105965625,3.4770083042777795,19.27777777777778
1,21:30:00,0.9196322579212625,0.6782764531268458,0.9201915084939987,0.04416549020159394,0.27730672585583516,0.49467310636789935,0.8577403827275192,1.2624039877615185,2.498601445809114,3.4109912860927487,19.3015873015873
1,22:00:00,0.9204449997307723,0.6903932756548045,0.9134699098455725,0.04181772909033877,0.27618278130212437,0.5069912428187761,0.869755787288107,1.2528622940301264,2.4822008844646435,3.399504500132988,19.325396825396826
1,22:30:00,0.9202747768266663,0.6789692274757045,0.9107474037769437,0.040910680085123226,0.27551385802018796,0.5005667071737314,0.8807347294958127,1.2621065033092809,2.5019600638664317,3.3543736136135816,19.452380952380953
1,23:00:00,0.9136039250152315,0.67079629237558,0.9094420087620962,0.041656249597510506,0.2770862529159131,0.4983647611648052,0.8558730660488952,1.255550436109494,2.4531602565293924,3.378193304307301,19.341269841269842
1,23:30:00,0.9197365191324945,0.6784552166706332,0.9164025268078517,0.04497667798975178,0.284592923280114,0.5080312876162328,0.851764432317662,1.2391426262843288,2.537054905534893,3.402898969162224,19.325396825396826
2,00:00:00,0.9065798262632796,0.6809278669856037,0.8818578610751157,0.0425837989545155,0.2884286040943163,0.508625531570601,0.866790334284594,1.2537983111442499,2.409821966637753,3.2529108858479807,19.251968503937007
2,00:30:00,0.8979334356655694,0.6855232563676238,0.8678298438605483,0.04622330959261901,0.2801845825870995,0.5071738719031443,0.8603988514821591,1.2429384571418778,2.411894133286598,3.17723599156873,19.325396825396826
2,01:00:00,0.921284674188166,0.6821899796811834,0.9123565353399635,0.04672718031136421,0.2883373626652092,0.5022097064294092,0.8665093654512691,1.2635867892699078,2.486741901061566,3.4023751453087017,19.27777777777778
2,01:30:00,0.9124915895964212,0.6834117879061058,0.8961540817770041,0.04045865593217647,0.2902116108768301,0.5126779849203206,0.8537626788991801,1.2548412444698724,2.45363650075518,3.3262792145529643,19.349206349206348
2,02:00:00,0.9306997682699498,0.6891353142734876,0.9355734363776971,0.04748929881867807,0.2815274693899753,0.506196673079345,0.875265315266566,1.2736194939198786,2.4689181763715022,3.5446151671090744,19.357142857142858
2,02:30:00,0.9242638395001169,0.6795635399659266,0.908685168785364,0.04870889275540937,0.29605035148484254,0.5053879891559269,0.8689716792212095,1.2654239412680703,2.4932112965578965,3.378065438803893,19.1984126984127
2,03:00:00,0.9164371735113249,0.6819337099441672,0.8927235661593801,0.045718782930277924,0.2916512026060332,0.5132148528057396,0.8654653890939585,1.2638023327416863,2.4650739364325833,3.301676561112199,19.047619047619047
2,03:30:00,0.9231882073752434,0.6873157125819019,0.915824251296567,0.04485318820288544,0.2840256069589027,0.5046410959005656,0.8629614243070919,1.264880476545569,2.4748677511030914,3.4053184440819293,19.158730158730158
2,04:00:00,0.9414505792102724,0.683669081262953,0.9429887741246519,0.044573656330213436,0.2898013287136874,0.5086985494378022,0.871073271663116,1.2838570772454259,2.543099762661025,3.4975398096721704,19.071428571428573
2,04:30:00,0.943232895241952,0.6860598242927981,0.9604232330816075,0.04652714946533218,0.2847988957897399,0.4961007660791383,0.8618051420051694,1.2796168729825683,2.5982067914597233,3.6079290588567536,19.42063492063492
2,05:00:00,0.9349597620213743,0.6808947239900304,0.9445588819949278,0.04522040744899526,0.2763403602643821,0.49061314262737915,0.8606304565611846,1.2826847196305449,2.607151362586707,3.453684343225398,19.476190476190474
2,05:30:00,0.9250751931451603,0.6797795289745162,0.9338619614617515,0.044434720837705936,0.2827596896642035,0.49703883667787574,0.8559611436615294,1.2574103421752043,2.5334095172970295,3.512213268194389,19.396825396825395
2,06:00:00,0.9168981016819877,0.6714863351815415,0.9177510045920839,0.04078925351283786,0.27946940937400006,0.49853758932089903,0.8438652028584133,1.2556423257567568,2.492686703695707,3.4262032520538908,19.38888888888889
2,06:30:00,1.0114969402705216,0.724935044168156,1.0196604006311587,0.04592586818355347,0.30879084112070143,0.5502557183960678,0.935770716122361,1.3373191113212715,2.8431632099842714,3.7755136428983427,19.246031746031747
2,07:00:00,1.0134723851537555,0.7245834813610673,1.0002506334046535,0.05205051657137677,0.3305673193974685,0.5605379935482278,0.925866923854569,1.360871919007511,2.8209351087305263,3.6844921730470652,19.158730158730158
2,07:30:00,1.1342480196495333,0.7483306965513993,1.1721412308220553,0.05028742635933323,0.3372071645035956,0.579193300739222,0.993957612818525,1.4825393770901942,3.329540173347384,4.175034013685444,18.428571428571427
2,08:00:00,1.2994845585224986,0.973547204763685,1.2019315425675057,0.08006059211016572,0.45251209190929276,0.7381800081718131,1.2410666415951814,1.7832856098521415,3.4521953322909016,4.168190928309326,17.650793650793652
2,08:30:00,1.5586790997823474,1.2073470580092476,1.3683008252581368,0.0788636703017991,0.530740381236481,0.928700986317301,1.5675680788822055,2.3210769383882113,3.8578981914402646,4.386171697468716,15.714285714285714
2,09:00:00,1.6963146571577365,1.3453751089265025,1.4393709955445617,0.1142603605668948,0.6179823976156613,1.0382766493717728,1.7470537418247547,2.514006233843504,4.047692353205626,4.554299448681782,14.626984126984127
2,09:30:00,2.1492084695463918,1.882668866685557,1.6434997428112081,0.14020475664207033,0.9458839468949007,1.4968469334663912,2.412206684163055,3.2546189650147674,4.603400635307213,4.952326768343323,13.0
2,10:00:00,2.1999446899202555,1.9084478158266527,1.7558695374725612,0.14629829900577704,0.8944860818764986,1.4371687722055049,2.468168410669747,3.457777283630293,4.698292748022409,4.976794468558475,11.658730158730158
2,10:30:00,2.222886350355459,2.015183585985447,1.7582889356395215,0.13710153686458112,0.8931453999981049,1.4800503293857379,2.581246299957369,3.448966342810235,4.668579190212183,4.95276126629752,11.515873015873016
2,11:00:00,2.270958902350981,2.082696480380449,1.8195545145295535,0.13045134062308783,0.8916016556627322,1.5546436762207374,2.5944391082541234,3.5320930107962165,4.779301928101929,5.061904926910912,11.063492063492063
2,11:30:00,2.2064970699406907,1.9375803869090975,1.822775529029343,0.12546557586907514,0.8069983066259736,1.419087359786939,2.529678639155471,3.5152450816434535,4.720953685631778,5.003576727924401,10.61111111111111
2,12:00:00,2.164130228361891,1.8512581687742906,1.8266509547555767,0.11619292205786458,0.7863618116112817,1.3735874325316861,2.440356180636947,3.403448752140856,4.713529176352371,5.019327591696095,10.515873015873016
2,12:30:00,2.124551235560663,1.7787049468609364,1.824694748471174,0.10264568829146481,0.7475523865277349,1.3540626655801404,2.318028820462851,3.3288029522739273,4.700415255787999,4.994692055718346,10.53968253968254
2,13:00:00,2.067905196264289,1.7593684747694542,1.7878707186383183,0.09597951977280846,0.7058866395711277,1.286281102205379,2.3073488369119115,3.2506223680070176,4.5829622231993055,4.923840079384529,10.380952380952381
2,13:30:00,2.103606342890822,1.757593196450533,1.7995990380122462,0.09785509952946808,0.7189393715412811,1.3230192819881013,2.3397680830228,3.349719162889782,4.643205474805411,4.947500575324717,10.658730158730158
2,14:00:00,2.1527677292286365,1.85868674398813,1.7914953871746335,0.11565394334687912,0.7589200754220748,1.3610876737563509,2.4273914193202937,3.4187674012608498,4.6759454584812925,4.9682633585698746,11.095238095238095
2,14:30:00,2.198469862003176,1.8692833344819602,1.8094975732399134,0.11831245839932385,0.7646196798496626,1.3791413147174116,2.55438993473554,3.5873365436277935,4.741652734603892,5.009145643135314,11.698412698412698
2,15:00:00,2.174179218385142,1.8598245881184727,1.7993075673401187,0.1280064301996245,0.7060510253829717,1.3110739179543427,2.563194599822055,3.559702665397517,4.706653775689694,4.982049280837938,12.174603174603174
2,15:30:00,2.085865231858969,1.7099834165499737,1.7761468090851769,0.1275427741796136,0.6238808480505774,1.2385683105619307,2.3979396412197693,3.3653734891741505,4.679549683932176,4.979646213775633,12.26984126984127
2,16:00:00,2.0193103027697847,1.6319260048501791,1.7337546448098267,0.1271190210019859,0.6039599917066483,1.184511728047429,2.2969019817868754,3.2111158033281626,4.6039905026764805,4.944294901608675,12.595238095238095
2,16:30:00,1.9516922986036285,1.5785948576755595,1.6750724767412646,0.12866668382457988,0.5853998576639937,1.1736479659305974,2.118001078463312,3.0168590339181276,4.599356224779904,4.9568455382421925,14.015873015873016
2,17:00:00,1.7073070357234794,1.2872785808653846,1.5699687198123757,0.09515029091476464,0.5143635059020308,0.9411639369697362,1.6732521217884653,2.553267263812487,4.362406528021333,4.86030542294009,15.30952380952381
2,17:30:00,1.4304814543516096,0.9760725279766187,1.4419135900992037,0.0776528195301646,0.4016236410149632,0.7292015090479679,1.2943234489756563,2.007316562655467,3.9858879407779826,4.764719100748101,16.055555555555557
2,18:00:00,1.2631499874917844,0.8465362601484803,1.2980204828157507,0.060095974257872914,0.34930336586529237,0.6192389397489697,1.1531065649579144,1.7444250733192532,3.6468844294440657,4.407699252952644,16.96031746031746
2,18:30:00,1.1889021332594374,0.7761659089344092,1.2692898016795564,0.05088490997744873,0.32854794448643515,0.5764392942464432,1.0205698730875945,1.5607297948035672,3.5538277430704555,4.5220926649032,18.11904761904762
2,19:00:00,1.0508630101229273,0.7382639425927005,1.0961807479943093,0.04975196738791349,0.3022146710625767,0.5457664681667125,0.9411424883208316,1.3938054370005222,3.014897359229604,4.0092526753024265,18.49206349206349
2,19:30:00,1.0087774060878176,0.7252602485784829,1.0153439151984172,0.05026360018439938,0.3179719658086267,0.5477721864557111,0.924675631071936,1.3423288112011988,2.810838569452288,3.737449191285558,18.904761904761905
2,20:00:00,0.9757965980875808,0.7226006438916728,0.9598096313282171,0.05277913791090876,0.31390314551694065,0.5500229667646995,0.9196870835862148,1.3138971099706704,2.6514762508232086,3.5922259095729907,18.96031746031746
2,20:30:00,0.9629611336515655,0.7233712689826874,0.9637558465746544,0.04724403316756807,0.300478461548365,0.5317020474233155,0.8971059372964106,1.3076099099696783,2.6110907103270624,3.664077012008156,19.373015873015873
2,21:00:00,0.9686435046055865,0.714254560659397,0.9760654631791785,0.043761974525113566,0.30047728244759914,0.5249064917885438,0.902536591011319,1.310451954801663,2.681620221392937,3.680170363592376,19.5
2,21:30:00,0.9412391429378385,0.6972775190740468,0.9377426871451217,0.046656870555050134,0.29550593256002317,0.5170614080010248,0.8728718551841053,1.2720220067471468,2.541653711904145,3.521887025153566,19.476190476190474
2,22:00:00,0.9346999658481658,0.7069815316373365,0.9112045264294725,0.045417609913585406,0.30703337144311454,0.5299078310691268,0.8732939505392902,1.277606397037949,2.4858011198215872,3.421948226110896,19.38888888888889
2,22:30:00,0.9251812779977808,0.6971433403112324,0.9001179984955714,0.04321448752776785,0.29581355192374165,0.5095715933849603,0.8774671865214434,1.2941716174398714,2.4312539359563274,3.377872190106353,19.396825396825395
2,23:00:00,0.9447966188680228,0.712032125204811,0.9140167616244154,0.05279555097994289,0.30858077674945295,0.5343910413276032,0.8910209524757974,1.299055091288782,2.5033009260943966,3.415484314960153,19.38888888888889
2,23:30:00,0.9434684881137129,0.7093616996877943,0.9307630996862545,0.04515231232474726,0.30624045094413677,0.526942509028066,0.8947585413299415,1.2851829397284074,2.499110863076058,3.536149712062483,19.5
3,00:00:00,0.9353762097967537,0.7050020111190641,0.9141242305312924,0.0458724624124366,0.30292186462966836,0.5298219642540393,0.8745164489393867,1.2785263535007667,2.5055298900367613,3.401284453971372,19.41269841269841
3,00:30:00,0.9276575344431625,0.7086591237671575,0.8984138659756992,0.048387153219312716,0.3013211680759273,0.5235611439229165,0.8806338822918222,1.2742314742031124,2.4710345258536477,3.3459853250614846,19.436507936507937
3,01:00:00,0.9308073211947582,0.7052900072798189,0.9067449201998223,0.04318261180537162,0.2992083369616568,0.527873956706544,0.8880943847675936,1.2919264269126791,2.455570166469986,3.3913333556594165,19.484126984126984
3,01:30:00,0.9391847975276745,0.7031645594189121,0.9234161064587926,0.04921145595884128,0.2995268180519696,0.5294649434048307,0.8779612944458809,1.2940201781561707,2.4869329046080266,3.49928345846071,19.365079365079364
3,02:00:00,0.9289488006054658,0.6895597117066935,0.9231586234878811,0.0442361657432415,0.2939069341053489,0.5131872712717681,0.8686865833903411,1.2777068541317795,2.480410660955308,3.4944044790624322,19.436507936507937
3,02:30:00,0.9435924129730177,0.6984553327131637,0.9392537177137068,0.04776965550991854,0.3015556904889337,0.5261002952289487,0.8852244655904257,1.2823040410230677,2.5360615200054473,3.5681574028195957,19.404761904761905
3,03:00:00,0.9275485466072395,0.6887007329533616,0.921216729576739,0.040391285996163526,0.2970953703088077,0.5190062511205349,0.8727647058293047,1.2634528803716085,2.4995589674235075,3.469698623395198,19.42063492063492
3,03:30:00,0.9227259935691173,0.6870275524775318,0.8991179557960457,0.05031023541367624,0.29824370786428794,0.5206662203475493,0.875095089161818,1.2661597185016722,2.450728882239445,3.3756382631976027,19.293650793650794
3,04:00:00,0.9361266931239963,0.6879281474367914,0.9160081890380855,0.04364964809613597,0.29976416064762723,0.5210857083412647,0.8776421246693138,1.3028729150604765,2.5053541486732147,3.381492678133608,19.285714285714285
3,04:30:00,0.9537429061791328,0.6869924408359309,0.955034369759894,0.04807724545419704,0.29459374097988006,0.5153326973955134,0.8904124769908179,1.2970488114956404,2.623244986345198,3.5629142401741216,19.46031746031746
3,05:00:00,0.9449054540407089,0.6974323594799201,0.9496985096782019,0.04175956429989363,0.28852955772054895,0.5125615894572392,0.8690325942669869,1.2946955781721647,2.598791770463498,3.537321849742951,19.396825396825395
3,05:30:00,0.9192503911974065,0.6774956793181662,0.9119983848531826,0.04432199886835252,0.2943077073803812,0.5179426353581216,0.8584919611586653,1.2538433315404696,2.463341209376169,3.4101505010920135,19.325396825396826
3,06:00:00,0.9346858001727494,0.6928775020628842,0.9202955063884237,0.0421586178307041,0.297146955198088,0.5157489925324157,0.87755612138092,1.2684984811145743,2.5094026276046475,3.4384181882325104,19.373015873015873
3,06:30:00,0.972841813362987,0.7164757895750439,0.9558201473024421,0.04939310003279877,0.3059262039150323,0.5299203356275617,0.9172694162392623,1.3311266466136893,2.6282218518892995,3.548635311924711,19.158730158730158
3,07:00:00,1.0066451479937104,0.7524454123463331,0.9671831677419704,0.0541543922026809,0.3421130909433836,0.5816011850029165,0.95885673361047,1.332505109643321,2.707267468647068,3.585091810784534,19.214285714285715
3,07:30:00,1.1403494062645667,0.790026774487143,1.1621220786843194,0.051957318344901866,0.34356416355578107,0.5997017339454327,1.0331973032050408,1.524498281307251,3.2777847759008085,4.185673051587648,18.373015873015873
3,08:00:00,1.265803823334064,0.913983757379071,1.2039684778306472,0.05915653848097561,0.41909979172231543,0.7041277118974412,1.1724238740574162,1.7560234540313153,3.440750536871482,4.138444925773113,17.682539682539684
3,08:30:00,1.5618400401946304,1.1967640198921752,1.3766768130088363,0.09023370289418069,0.5359337149892677,0.9016849151689094,1.517451310943078,2.3257014117268393,3.89959346888209,4.466921858710238,16.047619047619047
3,09:00:00,1.6614481159744963,1.3084471180747104,1.4010269928599424,0.13024237841910566,0.6075765439912288,1.0237990828316141,1.6885959449253218,2.461924930031757,3.964378723414297,4.427900451061518,14.674603174603174
3,09:30:00,2.083252749068178,1.9395094328749616,1.5583150130848122,0.1539230918973774,0.9358137331524731,1.5117120091323897,2.353687958130796,3.0749150341187694,4.3845392500458065,4.759655508839894,13.182539682539682
3,10:00:00,2.1570564600755096,1.904614528568463,1.6966725431773408,0.13958468153293907,0.8678768890467075,1.4415031533263178,2.470866902080809,3.4138688557747185,4.532677250860431,4.866103011970818,12.047619047619047
3,10:30:00,2.170507038442958,1.8536975250353824,1.7702176032151227,0.13389780998360537,0.8345427309269862,1.4017995277318287,2.4406780030763384,3.385935285693322,4.722070653576426,5.0496294466438805,11.65079365079365
3,11:00:00,2.218811029345312,1.939487730447274,1.819242058141249,0.12486387970303998,0.8239119578179641,1.4373132467043208,2.5206599302467154,3.55775682944435,4.760550927672561,5.05697319212052,11.317460317460318
3,11:30:00,2.1784156477121814,1.8408469481307816,1.8442556785401876,0.12279591546645516,0.7386568837572255,1.359173493846243,2.4871392252116267,3.5119627194976903,4.730765664935044,5.02461949840648,10.69047619047619
3,12:00:00,2.155925515820645,1.849830715552147,1.8336118102788541,0.12074755478769708,0.7381779987372344,1.343023573945733,2.4388530519138247,3.411569621712186,4.720732322021719,5.0194827560497135,10.619047619047619
3,12:30:00,2.1305240794092755,1.815635238513058,1.8373391843822908,0.11057664016616232,0.7184623094546383,1.292394741301277,2.3692482364986924,3.414199432476996,4.722968473276663,5.0361320975564485,10.595238095238095
3,13:00:00,2.08113126115569,1.7615992950351276,1.7891658911421977,0.10382610709218873,0.6910136318993638,1.2752995982676325,2.351161694303143,3.3060258943907885,4.622375010216034,4.948933707814959,10.579365079365079
3,13:30:00,2.102526062556457,1.8556796648801839,1.7813500483232918,0.10530512708672994,0.7192960124064505,1.3145833837570213,2.3905989462103596,3.253572096813263,4.646277728700056,4.983749048019338,11.047619047619047
3,14:00:00,2.149071529070655,1.870866909415318,1.792040686378859,0.11554245823921147,0.7692296135205096,1.3589727203373552,2.3987524484110363,3.378876151288091,4.737521627081909,5.076058170186413,11.634920634920634
3,14:30:00,2.1273449614257145,1.8329274808836418,1.788819133254971,0.1160055088392651,0.6967923766926849,1.304689613247109,2.4283381786341014,3.417225368251826,4.673671683543368,5.036630259625018,11.857142857142858
3,15:00:00,2.1087221113989734,1.8257508140052172,1.7602012708903432,0.12143519959791624,0.722401691302312,1.3074890732639526,2.3846888847744583,3.350605143802649,4.6556339812995935,4.987956522289618,12.206349206349206
3,15:30:00,2.0804254460589116,1.7171367515376716,1.7455486410784924,0.12575200086159763,0.7261644973512346,1.2626862007597484,2.3413636053311424,3.315172181484154,4.642731242882536,4.983988199343442,12.38888888888889
3,16:00:00,2.0719692183332103,1.730344595240864,1.7330372727152754,0.1340125293382234,0.6948719391045086,1.2641456194333092,2.335180752607113,3.314962972732277,4.632250646518116,5.001043076143641,12.920634920634921
3,16:30:00,1.958906821964786,1.640420319990699,1.637881619786578,0.136122754271668,0.7022776995846386,1.211528901310833,2.117359226671499,2.939481076780338,4.546889790658937,4.891648186760279,14.087301587301587
3,17:00:00,1.7264734367152625,1.2895683411617984,1.5912785399054892,0.09221003400971217,0.532694944527407,0.9632789026124887,1.6965380513571224,2.5690150878659104,4.4026990250489115,4.916647985883387,15.031746031746032
3,17:30:00,1.4736848572434451,0.9923595367277488,1.4969259772991927,0.07281747653903047,0.41516480402777894,0.7284674878400337,1.3065314248585433,2.0059234632567167,4.241959617652635,4.7917730172113915,15.761904761904763
3,18:00:00,1.3422386536850417,0.8714974740002529,1.413631273968814,0.05750987935628939,0.3386449324435371,0.6262056900007429,1.1956988391259546,1.8488404146780448,3.9641055252258104,4.715706750269673,16.69047619047619
3,18:30:00,1.2050702052752034,0.7817599140256283,1.2727802453344998,0.05316948719914854,0.33135121665869827,0.5732315341594953,1.0163900357031883,1.6341466127494386,3.5664266360342296,4.37469652425995,17.976190476190474
3,19:00:00,1.048163025919998,0.7076324808703115,1.125497756647323,0.04863667863086455,0.2918799381500759,0.5118470933271586,0.9201514452870805,1.3768143862197695,3.095516975557985,4.073370275444337,18.753968253968253
3,19:30:00,1.012237837628338,0.7181435539545882,1.0643159564881242,0.041409729786689456,0.28857426307240863,0.5199269501150531,0.90830344793602,1.350029193111386,2.9176496998904744,3.9234093955051685,19.166666666666668
3,20:00:00,0.9709934442989138,0.7013577051297799,0.9857674993383615,0.04827224250921791,0.3000761270132457,0.5278948842593428,0.8994892729874296,1.3157479116743924,2.6594205027050086,3.6873056483770434,19.166666666666668
3,20:30:00,0.9434913574492922,0.6945966275094911,0.9619894005809165,0.04182912817590542,0.2852735599637762,0.514881661647814,0.8786370763779869,1.2668262690702987,2.574266517316393,3.641445230307796,19.253968253968253
3,21:00:00,0.9272424443891357,0.6837297666739692,0.9392275150141044,0.043691381470274716,0.28615860838330504,0.5042603310359808,0.8574556358287952,1.2557228179909161,2.5132730650272688,3.5514665317617196,19.285714285714285
3,21:30:00,0.9220396608630675,0.6956926435879027,0.9216223580878447,0.041941961951463484,0.28173990994410114,0.5046703023378785,0.8674173758931045,1.2620714790398682,2.4513458261315417,3.452884931306419,19.333333333333332
3,22:00:00,0.9388179642736574,0.6984939118437267,0.9369383325938266,0.04396504345639748,0.2927645260663087,0.521311245875522,0.8771360749482,1.2853255008818834,2.493594696488996,3.5329938612368994,19.38095238095238
3,22:30:00,0.9343734887025328,0.7025767906343671,0.9261549343448112,0.04454711661318545,0.29100223171673656,0.5220242996743483,0.8746734498206228,1.2759322097377035,2.4983635325789946,3.4614724253438616,19.404761904761905
3,23:00:00,0.955885790488887,0.7105858235933127,0.9504303669685181,0.04670849444517973,0.3000507362769063,0.5269886133887051,0.8830179306641821,1.3061559939009773,2.55877033325193,3.5679954881197093,19.341269841269842
3,23:30:00,0.9354991545326561,0.7046794685368816,0.9280178119234095,0.04378561461397733,0.2969065073120964,0.5344724741819296,0.8784791725872864,1.275960025206446,2.5029472511042328,3.4849057909778414,19.349206349206348
4,00:00:00,0.9340495458004446,0.7044502557902085,0.9168295877795783,0.044343523903135604,0.2971836266364916,0.5306081768261679,0.8881997700099313,1.2781721681897888,2.485092602550729,3.442263878089801,19.357142857142858
4,00:30:00,0.9293342655343872,0.697046727630776,0.9179916506134836,0.04274076030092069,0.2922569416838185,0.5149909843783784,0.8825828585863041,1.2714987119310266,2.4799656278061755,3.4528474431009526,19.452380952380953
4,01:00:00,0.9168391161582214,0.6920823298735191,0.9024260144988562,0.04254215650423672,0.29162118625770067,0.5047780897906714,0.8743889380603592,1.2521781683480486,2.4460735971188066,3.364792035957404,19.42063492063492
4,01:30:00,0.9247837134853114,0.6887811909262355,0.917554116317689,0.043450785384493124,0.2894407849278116,0.5172534313705651,0.8694693777452981,1.2657551279701023,2.48763774972819,3.4551240278868858,19.5
4,02:00:00,0.9151991739572319,0.689912801104939,0.8993584685938388,0.04262650952519338,0.28642987878460463,0.50340481139319,0.8825757365702467,1.2556708187057017,2.455695041448447,3.329359002545579,19.49206349206349
4,02:30:00,0.9228218644453544,0.68897353001454,0.911299645492114,0.04254719466298544,0.2890761766692497,0.5073508586511553,0.8774021775019032,1.2683151396537637,2.4278079886574133,3.432949123030049,19.476190476190474
4,03:00:00,0.9347485811739548,0.7089240348424553,0.9178994546558307,0.04352718161904768,0.2969865727461738,0.5286970996780391,0.8674048098628224,1.2831031367545684,2.5147028373209666,3.415567861112194,19.38095238095238
4,03:30:00,0.9264313191270062,0.687100868097016,0.92861023233016,0.043279268728745934,0.2884802456815157,0.5033510016558572,0.8554697951397592,1.2773421801157108,2.5196344322090423,3.489446667849998,19.53968253968254
4,04:00:00,0.9265709489753429,0.6899754902195844,0.9119832842601813,0.04363466909917615,0.29548140231870046,0.5110683265806227,0.8662048200155021,1.2782580040532674,2.487509943941547,3.3878975371078544,19.428571428571427
4,04:30:00,0.9337929250208247,0.6917876368446992,0.9344439693787878,0.038397782297804314,0.2898679179214819,0.5096983843262238,0.859475228764469,1.272892801855596,2.5891430041044905,3.4385922012232104,19.436507936507937
4,05:00:00,0.9430528371693717,0.6945978456496706,0.9422974186821549,0.051138801064534875,0.30398438036575665,0.5130332970648597,0.8776047460588496,1.2712286011722875,2.5770399635720254,3.5142420970940047,19.30952380952381
4,05:30:00,0.942079977436165,0.7069692440973053,0.9324510377530626,0.041306264896223,0.29320155138146226,0.5354457092649164,0.8834214327873394,1.274893240414227,2.54555724007006,3.46991843887292,19.38888888888889
4,06:00:00,0.9528200091911573,0.7023066332943148,0.9423128590218021,0.04234777732286085,0.30297522223971257,0.5279130574739617,0.8746183065081262,1.3127839645669568,2.651636266045331,3.4646423244758506,19.30952380952381
4,06:30:00,0.9593800886734697,0.701051363808305,0.9633709519754221,0.0435967860576859,0.2994600346682976,0.5317427613485922,0.8783499606384076,1.2928700581121333,2.597354184160511,3.609186115539194,19.285714285714285
4,07:00:00,1.0025409688493165,0.730303989174592,0.9903993276130273,0.0478270255435937,0.3336370033697124,0.5642334941542811,0.92795605772384,1.3482552366561362,2.784813996954716,3.657884063904018,19.333333333333332
4,07:30:00,1.168778482386474,0.794286556732834,1.223522368846798,0.04793771747024602,0.3400831527499394,0.5899323379422996,1.0392487981322722,1.5348473041189032,3.4916300139189818,4.329837779697567,18.658730158730158
4,08:00:00,1.2728393064436387,0.9401040451383009,1.1988780486772108,0.06885531143283559,0.44126852177613646,0.7301323835847553,1.1730345018215056,1.7451558901301096,3.3968365348403746,4.181012283328747,17.595238095238095
4,08:30:00,1.5141872942449945,1.205608547991987,1.3277876935857793,0.0784629973965853,0.4853330108704356,0.9292704144641377,1.5446457469584032,2.2699644816026185,3.6921203264884945,4.30917877288121,15.301587301587302
4,09:00:00,1.6677767728857151,1.3357999603921853,1.4549953904876993,0.07897723039588651,0.5485930626009127,1.0441623142632441,1.731555119839639,2.5049851012194644,3.994004477605545,4.568594033291118,14.103174603174603
4,09:30:00,1.9340877481016094,1.6991210535021484,1.5799863970788741,0.0837894864567591,0.7636105284905553,1.332872933599416,2.0947859712045447,2.898139588040944,4.360408553223554,4.825581371888655,12.682539682539682
4,10:00:00,2.054610098424097,1.767826581386504,1.6986897980357698,0.0804621468933077,0.7321538633461181,1.3583392112425408,2.3440896668239875,3.245046194402498,4.4989831119089185,4.85052668365061,12.063492063492063
4,10:30:00,2.0563166729303157,1.7290763355982568,1.7681471494644998,0.07727146959490207,0.6591295709447151,1.332790920196877,2.2670586165140305,3.2676696651360406,4.624146653003076,4.99413630776006,11.698412698412698
4,11:00:00,2.047505936652519,1.7435351906698278,1.7825418975512226,0.07043306551257321,0.5973990212239234,1.298943899713087,2.321078075249223,3.240928131687453,4.626999646962617,4.980406491489426,11.396825396825397
4,11:30:00,2.04496635734858,1.6945536361560778,1.8100127783355728,0.07637739128700453,0.5784795358739544,1.2369157928364707,2.275990212630682,3.325812179844715,4.637520294509112,4.960076450929498,11.0
4,12:00:00,2.0006362387498586,1.6150379479137023,1.790519095998963,0.0680874534753704,0.586316134855586,1.1931703986443256,2.212111780636597,3.2745947241484963,4.545807124183688,4.921877661450506,10.928571428571429
4,12:30:00,1.8984707154837372,1.452916899908357,1.7436190819033723,0.06162833991237913,0.4943211854432209,1.1028107468464283,1.9905485315169473,3.101446508779682,4.483763713027567,4.837182016237681,11.174603174603174
4,13:00:00,1.91991696873577,1.5351495302770548,1.7184889833269927,0.07484389896980415,0.5938714691277837,1.1548160929726825,2.033054480078316,3.0380748387831606,4.478915610077122,4.83762465369401,11.103174603174603
4,13:30:00,1.994623263048736,1.67041536150167,1.7410515516560126,0.08543425246871088,0.6171508148521372,1.218883971733697,2.198263694363791,3.1007876703458392,4.602108474881828,4.989185451481997,11.857142857142858
4,14:00:00,1.9693568514502393,1.6973735857319845,1.680913790431164,0.08263657524253767,0.6423643640358739,1.2086847738244562,2.214993468308629,3.0740352019659407,4.4747235192479495,4.899454846054554,12.34920634920635
4,14:30:00,1.990791118986769,1.6187134424954155,1.7105063421645557,0.08925467105017074,0.6106773729136943,1.1928394895352115,2.25573458397684,3.2045768920412274,4.538701492622897,4.920543359490978,13.007936507936508
4,15:00:00,1.8813346257313162,1.4453209050114948,1.7182045864612072,0.07347347723397625,0.5100052788587642,1.0034232907306573,2.0012611118368153,3.0743021954621064,4.507019100801528,4.892677176479521,13.126984126984127
4,15:30:00,1.7817743329800828,1.3017244134697248,1.6897764503398234,0.05933134046808862,0.4268976612434095,0.8957289003402326,1.837928647775151,2.885843369926523,4.453790614662365,4.895908550991271,13.484126984126984
4,16:00:00,1.746105475671103,1.3115293919606272,1.652205879166909,0.05628442645633256,0.43008384555100904,0.879702194896478,1.8249286965316633,2.758898191105685,4.417304117567441,4.831803117979356,13.73015873015873
4,16:30:00,1.6896788928886781,1.2805394732242497,1.6070829417712245,0.05158818185453424,0.44722545037531986,0.8630668691452938,1.7266175635819212,2.582043453296909,4.392483153380111,4.839181991591145,14.619047619047619
4,17:00:00,1.561625900460183,1.1169468099290365,1.5521330165857232,0.05595373350607668,0.41716534125970617,0.7999273316059223,1.4746776455536719,2.2360540071590633,4.2769754783595255,4.926644014723281,15.626984126984127
4,17:30:00,1.3694627151036274,0.8822451338250745,1.4568506812951003,0.0511455249359868,0.35481866428292336,0.6346736887633636,1.2036376614460096,1.8502600894624115,4.047781668468271,4.8567320935548794,16.61111111111111
4,18:00:00,1.1810811069251483,0.8011566112879032,1.2434774885423006,0.0470289017073418,0.304171401137076,0.5774478211662882,1.0668890342932915,1.6069686162892516,3.423855760888015,4.3459208151038595,17.023809523809526
4,18:30:00,1.1363280456690241,0.754876869444312,1.2308378691732003,0.04528596958212417,0.2972757211150392,0.5460465311380068,0.9800966166558995,1.4821138064835906,3.482753987005602,4.338555022483975,18.055555555555557
4,19:00:00,1.022613349851482,0.7175247037053857,1.0883099470438888,0.04470706610093398,0.2941525680687508,0.5301986018725493,0.9008965908136194,1.3403707277672363,2.936941314349796,4.067490136633562,18.50793650793651
4,19:30:00,0.9760488044146178,0.7176289070714,0.9883927260961713,0.047725348260548354,0.287585740282324,0.5152646332957523,0.9013641048994528,1.32845359972029,2.7212073911683423,3.6478274440319733,18.936507936507937
4,20:00:00,0.9505027935271553,0.7081033427465544,0.9491019708854413,0.04695412821426499,0.29094566888724527,0.533312739269511,0.8846026422183723,1.2791624620010424,2.6072497496302254,3.5571257549245967,19.07936507936508
4,20:30:00,0.9385041865146946,0.7093497661427921,0.9313422684344477,0.04474572164087716,0.2967507050009633,0.5274460927157061,0.8848054650261267,1.2658408079111667,2.4952674942371913,3.5262343362744204,19.3015873015873
4,21:00:00,0.9377002666635831,0.7022390711126635,0.9299665294305751,0.03699482515857886,0.2849555040565701,0.5296288118341135,0.8757601530655712,1.2839725999679252,2.5224930981656715,3.4954728356841223,19.484126984126984
4,21:30:00,0.9355498703785224,0.7126561115651419,0.9081784696627675,0.04884089486002128,0.2991954722849968,0.5438988538371943,0.8796432954218553,1.2894513066740674,2.4389780412920703,3.439798984967489,19.436507936507937
4,22:00:00,0.9160094768832908,0.7103510028877631,0.8746124469197388,0.046441959326037625,0.28696452873520856,0.5389652459311033,0.8880115276870904,1.281600603198642,2.4056607838592923,3.251218162795011,19.341269841269842
4,22:30:00,0.9343220492089312,0.7081334698333777,0.9139581919500253,0.04483005875234171,0.2927987599427534,0.5345419370162475,0.8845093332364513,1.3028791966779456,2.422712777238663,3.4380811738475106,19.571428571428573
4,23:00:00,0.9241478791655227,0.7102021145074795,0.8924004859731338,0.043423872060358776,0.28920111958167377,0.5368367328553103,0.8788865225915456,1.2743326802875194,2.420887680233116,3.3133991901163933,19.515873015873016
4,23:30:00,0.9288091026058434,0.7076806125667848,0.9099070314689919,0.048006096484187674,0.29706157757850815,0.5368774287580533,0.872116401926725,1.26779410333287,2.4844382841160852,3.4097125192476305,19.57936507936508
5,00:00:00,0.9099524447744829,0.6978287610428342,0.8808137311008424,0.043039274839523065,0.28935811634318315,0.5187805803205957,0.8675190906775233,1.2727672143130881,2.3700248908479633,3.2900238340953516,19.53174603174603
5,00:30:00,0.9289667709774622,0.7094712672961423,0.8980331421325995,0.050442737834865345,0.294119889963647,0.5384873364665395,0.8876094196236477,1.295702273646726,2.434427483340414,3.3771091148926,19.444444444444443
5,01:00:00,0.9197862049320382,0.6965713435590423,0.8950100531032105,0.043641555853970594,0.2893322687572027,0.52370373020992,0.8750876996778105,1.2852620981451968,2.389081819152301,3.3811523295999577,19.46825396825397
5,01:30:00,0.9147790724264472,0.6943746695761037,0.8861891406546761,0.0444968926892681,0.28397499963631434,0.5091271643175992,0.8797774138857125,1.2783745213190632,2.408717936222604,3.30255119517126,19.547619047619047
5,02:00:00,0.914250780691044,0.6962733910956681,0.8838492299274197,0.0449556878767165,0.29291861608595493,0.5273066004167237,0.8693499613604292,1.2737924555225801,2.3841095482674497,3.291351890029103,19.46825396825397
5,02:30:00,0.9228110940288509,0.699828866486889,0.8952207415754436,0.04635443351094129,0.28724227233032973,0.5344029168189094,0.8786509694157746,1.28101784974878,2.392746356670339,3.369940156314561,19.373015873015873
5,03:00:00,0.9160496718242843,0.7045898073397726,0.8738343524314289,0.04513392081153105,0.30301013782209657,0.5352970974869323,0.876451085848303,1.2780166366058305,2.360750631494504,3.2702890329169367,19.428571428571427
5,03:30:00,0.9370277096140542,0.7083921570419522,0.9136490406393037,0.04473656789273568,0.30165539453206175,0.5395844422218893,0.8859464083737097,1.2915660721637499,2.455509019012365,3.42012189287072,19.42063492063492
5,04:00:00,0.9316435252481549,0.7133574208931708,0.9006363970020773,0.045775264018774776,0.3018458498219794,0.5375470265286674,0.8930480658458299,1.2927881851784961,2.401348692124433,3.3965936657373192,19.396825396825395
5,04:30:00,0.9415521062688285,0.6993513281937853,0.930484048479325,0.04692598595757653,0.2991149381321998,0.5345801047294839,0.883337611998662,1.2894217616340193,2.4963380013796588,3.51730444827903,19.650793650793652
5,05:00:00,0.9300540665652802,0.7027008559387804,0.9203281380596381,0.041543822059753426,0.29201886824505213,0.5290830776635098,0.8889203928141961,1.2706852615279898,2.435828385952947,3.5226804971583685,19.53968253968254
5,05:30:00,0.918796233657922,0.7021878523189785,0.8801772102473423,0.04741560094037895,0.2973293093870312,0.5365478117913426,0.87543903676646,1.2798913402743368,2.3569925542654815,3.32017912745386,19.523809523809526
5,06:00:00,0.9100219775589281,0.6880333420982244,0.896335845856861,0.04244875747798798,0.2815871321775166,0.520675456646119,0.8540965039435208,1.2627038473868684,2.3456350287825027,3.4204156206529173,19.57936507936508
5,06:30:00,0.9261131841216651,0.6982426872274139,0.8994512177402882,0.045190613844782006,0.29074139240025376,0.5212223283824707,0.8799806464359,1.281583670581554,2.4457866554373635,3.3484207164702804,19.547619047619047
5,07:00:00,0.9198861352081524,0.6969019346575783,0.8988337928120477,0.0432376379984678,0.2819877829029353,0.5178954761052621,0.8710203606886778,1.275751266797369,2.4206743836956175,3.351174483612957,19.555555555555557
5,07:30:00,0.9570577534453358,0.7078987351294546,0.9532109593741483,0.0443497142130493,0.2927974952961222,0.525433466217867,0.9023345686402674,1.3212291989204494,2.5520440444969354,3.5883048938247573,19.634920634920636
5,08:00:00,1.0295750541338529,0.7593925353288024,1.017860390408075,0.04395356042122688,0.3191569064347412,0.5835959593335989,0.9662858280664148,1.413765158973216,2.749797028760027,3.8056754498618237,19.88095238095238
5,08:30:00,1.227886902149827,0.8552821539838851,1.2396437766438644,0.048491149057081254,0.35091271481760195,0.6257667206335206,1.1490097080718604,1.671892790565898,3.5254847539451117,4.377919882232803,19.063492063492063
5,09:00:00,1.305743886561242,0.97899837891184,1.2422436390519604,0.04671012529136276,0.36862525727692613,0.7004963585851426,1.284104267009662,1.8821885448427822,3.4735933849256195,4.2601872732362756,18.333333333333332
5,09:30:00,1.5638306179928123,1.1927751543160554,1.4615308717537283,0.04836053281482179,0.40414352307500934,0.8453254331808602,1.594294530071968,2.3381252515962507,4.048887479525661,4.693110033095368,17.333333333333332
5,10:00:00,1.594497332905884,1.1641076664951548,1.5456687689969022,0.05207986143547344,0.4106775678105548,0.8108975827156962,1.5746626435297542,2.3227592891838578,4.396953644849328,4.898556859876687,16.523809523809526
5,10:30:00,1.55489809863326,1.1679414425926202,1.5020395675466618,0.0480358023697507,0.39821369969462367,0.7966496537434792,1.5507111353594023,2.2773951593050397,4.223123186254083,4.796373468668345,16.325396825396826
5,11:00:00,1.5546913285324624,1.1583426668368957,1.5055184744186483,0.046469994913449685,0.397640792020623,0.7901762560157691,1.5577404294218258,2.2637061009654307,4.205548543810672,4.779002052117256,16.03174603174603
5,11:30:00,1.641905449293922,1.182791804908361,1.6081468042317595,0.04819255664806586,0.40591597828459647,0.7829051962885087,1.6250467106925526,2.4911349159005307,4.408967160491906,4.929052715004074,15.722222222222221
5,12:00:00,1.6156718730334616,1.1283529745779357,1.6069707641792133,0.0491148567256442,0.38128281170156925,0.7645414964070552,1.5598501330925079,2.4918539952918404,4.367582951760381,4.916302916964368,15.412698412698413
5,12:30:00,1.48706274431341,1.0453638694721157,1.519865961176622,0.040351505691124584,0.36313295120448763,0.7250227882757856,1.412840082321732,2.131817621820643,4.228137901276432,4.863592709496152,15.976190476190476
5,13:00:00,1.3608330954298815,0.8905757422208683,1.4526332716832817,0.04861733378949505,0.3260404257648048,0.5987443795726929,1.231564230452201,1.878783125462751,4.037045958965124,4.7771296938880905,16.396825396825395
5,13:30:00,1.3494512560535983,0.885430694899142,1.458783065926641,0.045240114073629545,0.31220090095155206,0.5912095539057731,1.196127999965441,1.8294751764616333,4.1019905328459725,4.775364671357001,16.6984126984127
5,14:00:00,1.3518269125933957,0.8963713370288114,1.425044560363918,0.04421879112121719,0.3288519093425376,0.6244013815397852,1.2310511977825926,1.8623936842824513,4.018330154219669,4.743823440962281,16.96031746031746
5,14:30:00,1.2074159450943234,0.794618043855889,1.3307419658086819,0.04452073239437121,0.28558991389390254,0.5407138859412952,1.0838804493078649,1.6020631639362144,3.701619792396387,4.706180917498468,17.357142857142858
5,15:00:00,1.1571107651124908,0.7080741919946989,1.3126992261817432,0.04653126964542227,0.26175616686983344,0.49455836332423,0.9888898270020254,1.5347010941406056,3.6474521556468726,4.597135006211353,17.246031746031747
5,15:30:00,1.121994042085288,0.7342733115062456,1.2172575079277057,0.041637552499926074,0.2701871889644031,0.49836922843910497,1.0007334609537477,1.5539692871523263,3.385429777171938,4.2677615588406015,17.58730158730159
5,16:00:00,1.1002643870697417,0.7287130005386134,1.1601661144614919,0.04794028801424973,0.26717781895280623,0.5058866635387776,1.0133728217899411,1.5341148430704459,3.2351306901479333,4.047337560776273,18.08730158730159
5,16:30:00,1.0332146412896994,0.7069935494463876,1.076766096403029,0.0462735727418584,0.26697977065148976,0.5046293007700041,0.9652030399920136,1.4428908429194454,2.897947861752083,3.933641344655755,18.571428571428573
5,17:00:00,1.0045425378323969,0.6988946556391881,1.0346007886604727,0.043979701947743664,0.267810335069417,0.4962410930936155,0.9305768500767868,1.4314310504369718,2.7238474132014865,3.8384969710176575,18.666666666666668
5,17:30:00,0.9677169146751871,0.687014063956647,0.9933138168312763,0.04003300142275262,0.26032063502637487,0.48246071578740285,0.9067937943779583,1.3459837612106702,2.682327206885804,3.6220084310468756,18.650793650793652
5,18:00:00,0.9507709884154311,0.6830665516012514,0.9568854690589318,0.044226364234183184,0.27343779811207375,0.5012881097442146,0.8871067447647482,1.32363211853236,2.5823131987777863,3.525395277791409,18.77777777777778
5,18:30:00,0.9938273298791577,0.6963007956537205,1.0268094117272943,0.04421125288986555,0.2803834037742894,0.523922941347634,0.9033136091524714,1.363441231523179,2.7948015733097544,3.8200500675266826,19.1984126984127
5,19:00:00,0.9263079404501791,0.6817991560306603,0.9201031918056339,0.04785618851576777,0.27353263914678505,0.4967053711274911,0.8769666250612388,1.2878836903547568,2.433040900539097,3.4817301542786705,19.373015873015873
5,19:30:00,0.9064135993779324,0.6675104789461296,0.9013926427661044,0.042648738733709356,0.2684225126398412,0.4916870933665901,0.8509698800875415,1.2707265974610822,2.368939865502419,3.4009802648399945,19.49206349206349
5,20:00:00,0.8955319081224277,0.6706590318872517,0.870528504596769,0.04449871309395486,0.27309265491055956,0.48846742419573075,0.8509073324357844,1.2696872191285724,2.3768546242838635,3.224784140438833,19.444444444444443
5,20:30:00,0.8963660554183409,0.6649775983189978,0.8826578065727542,0.04360047737031587,0.26938197521964535,0.48655193236146976,0.8514595576826081,1.2542346803386046,2.368159572649067,3.2988790509707537,19.38888888888889
5,21:00:00,0.9123139909193883,0.6584553652155934,0.9223120571313989,0.041953710338267496,0.26612924185904047,0.4893295863796376,0.8576696401829723,1.2716384990659835,2.415728396155273,3.509036035613369,19.428571428571427
5,21:30:00,0.9018341749308549,0.6592888793383443,0.899702125359435,0.04181633080808767,0.26286152208521985,0.4786820632862939,0.8575325365298586,1.259968404046101,2.424417795431967,3.348012261388971,19.38888888888889
5,22:00:00,0.9093323621697389,0.6593368975820568,0.9166490553424199,0.04411250601700226,0.26532904067697916,0.4862643075252566,0.8548774722998281,1.2626153925822008,2.4100068150711826,3.483136842545253,19.46825396825397
5,22:30:00,0.9057685696710238,0.6708918458406533,0.8958172553738368,0.04378221345804997,0.26963055950469145,0.5012654835812517,0.8457135251381128,1.2776691289115039,2.4109524763377443,3.3543299354997607,19.49206349206349
5,23:00:00,0.8905732892838375,0.6615248745435766,0.8813284467327304,0.042732855371679854,0.26091953961342595,0.4806742924374779,0.8341438781981971,1.270397007224444,2.366544800829052,3.2827066072256432,19.49206349206349
5,23:30:00,0.8999504929386704,0.6582736309471426,0.9027417742677355,0.043546930545185096,0.2645430886038112,0.48504349596842883,0.8366197088651357,1.251670378759449,2.4034273225024765,3.3948681830023584,19.515873015873016
6,00:00:00,0.9007831136862269,0.6631451559411394,0.9020203749976208,0.044281783843525394,0.2694783567766737,0.48630523917899776,0.8512605452093194,1.2491835313491182,2.3943098416336026,3.4119236982704204,19.515873015873016
6,00:30:00,0.9023145766313101,0.6455003797330726,0.9150505120527035,0.04689759284929529,0.2635487754607605,0.47449195486667556,0.8318693102650232,1.249302426266848,2.4494712627793502,3.434443684937214,19.452380952380953
6,01:00:00,0.886642553222405,0.6494161581327474,0.887387194434355,0.04353367342622714,0.2577633343332644,0.47738197335504934,0.844996139999702,1.2382372620697102,2.364674081254918,3.332969119914746,19.2421875
6,01:30:00,0.9045727422540634,0.6588818182832384,0.897151310020003,0.045292575504000496,0.26940099153879776,0.4906029456926793,0.844895174258772,1.2697032924103986,2.455621276518651,3.3309088336227113,19.140625
6,02:00:00,0.8964848662475103,0.651817372602836,0.8889664132911071,0.04390000629503476,0.26407835337031293,0.4788481981312,0.8339581913956627,1.2825408804876253,2.356923775171477,3.3099271048329575,19.48780487804878
6,02:30:00,0.9135067526474236,0.6590457693196534,0.9123216577891368,0.05035526093224682,0.27509385625913757,0.48718636588927683,0.8463867331665909,1.276719276651281,2.4235919577673792,3.45344229737007,19.471544715447155
6,03:00:00,0.8978435607205439,0.6542651890506054,0.8961424437621134,0.04099113399592073,0.26601713987155756,0.48272209960530826,0.8446114392413739,1.2537202350745593,2.4323416943340996,3.3543562262320656,20.484126984126984
6,03:30:00,0.9052561108963193,0.659912168009595,0.9034024526535209,0.04714815476756298,0.27539894169443435,0.4896853040674331,0.8522689663717722,1.2575671387831335,2.4163442388952516,3.412328176622091,19.41269841269841
6,04:00:00,0.903436739938812,0.6576485763794567,0.9108197258470125,0.04176164282180053,0.2701666338469949,0.48788179640884793,0.8382253612837576,1.2431986593663764,2.488367462138879,3.4217263398493474,19.61111111111111
6,04:30:00,0.8964700608147089,0.6520023798025458,0.8925297104991146,0.04763443949464699,0.2634463232010285,0.47602541992482217,0.841587951684591,1.2572046186334644,2.42544799921577,3.324542701781247,19.53968253968254
6,05:00:00,0.8974194394880073,0.6553993973643193,0.8886860649293354,0.04313614398695822,0.26876070872435837,0.4915447865237859,0.8294060162927079,1.2545701545420238,2.4294034148792316,3.2930592113550214,19.5
6,05:30:00,0.8871776702289975,0.656417275261847,0.8784417952159973,0.04708058979667575,0.26873180314060263,0.4754788397101683,0.8484196145996843,1.2375431171246336,2.4165689988861336,3.2771481140026064,19.53968253968254
6,06:00:00,0.8895162968726399,0.6554077207441801,0.8771860406436305,0.0418302649715418,0.264245957686676,0.48897256962598074,0.8445520291970778,1.2588151746090293,2.3853308073364508,3.2724881816417217,19.46825396825397
6,06:30:00,0.9028494501375393,0.6539319800212848,0.909196848744425,0.042355374027013615,0.26242430469248007,0.47640967363404596,0.8431488359191294,1.2562424611414822,2.4566024396121726,3.4223259779576622,19.50793650793651
6,07:00:00,0.8958664387612524,0.6431473172155575,0.89676865822438,0.042992049680361924,0.26752586704034026,0.46822950558511517,0.8432092823710784,1.2534994287217713,2.421740927745286,3.368123542831677,19.571428571428573
6,07:30:00,0.8888631803673391,0.6455286367342538,0.8849318317186375,0.04320130433327357,0.2675932082751242,0.48075262428295856,0.833065838937187,1.2438282778766607,2.374071317817047,3.3245466614973425,19.58730158730159
6,08:00:00,0.8978522454794898,0.6517518306399791,0.8826078090627081,0.04608935550847148,0.27253266483332556,0.4908101229858538,0.8581662413473005,1.2714226667479631,2.3728042484006577,3.3017527286156474,19.484126984126984
6,08:30:00,0.9621959868984779,0.6866390582888008,0.9553908287953601,0.05040033110913412,0.28718121819573966,0.5093270247153171,0.9030435965285795,1.3449951255865196,2.629188590460664,3.5194618215238793,19.03174603174603
6,09:00:00,0.9780403032273997,0.696559266594753,0.9781776222848013,0.04749780026564043,0.2971594295655537,0.5295837932800345,0.909337956161418,1.3491898625640566,2.6713965080714313,3.620142840413591,18.77777777777778
6,09:30:00,1.0281368122917283,0.733572033708151,1.0223037895195137,0.04806619366387927,0.29817287106782997,0.5379296118432911,0.9622162742463422,1.4386809476456546,2.8697254539708297,3.684227290457949,18.72222222222222
6,10:00:00,1.026736396957976,0.7267457599496924,1.0163168395068187,0.04752500292285539,0.29144922132339435,0.5270067564048001,0.9903211063954405,1.4504749752369575,2.8374572470310016,3.6166908446296677,18.317460317460316
6,10:30:00,1.1793419178098368,0.7574762198067179,1.2945161925693534,0.04926090193120845,0.2867212208301921,0.553106608375574,1.0349911026328955,1.5727763581192828,3.589604326146612,4.635415736653604,18.373015873015873
6,11:00:00,1.1786091272913422,0.7533361298929704,1.2970396820727108,0.04533472815693425,0.2912621467143683,0.5491931630103418,1.0345580339569245,1.5856062859151896,3.56557138537224,4.647571011118145,18.26984126984127
6,11:30:00,1.1692698899221394,0.7460338271380006,1.28160735891176,0.04487224112616911,0.2844781799942114,0.5440426539036417,1.0382299179213579,1.578573345706364,3.5795957728894297,4.579931795415519,18.19047619047619
6,12:00:00,1.1665015443446507,0.758724385190305,1.2865899480588683,0.04885720555571191,0.2898708553586749,0.5489479748209798,1.029134892795271,1.5541561492898557,3.503505819724283,4.674191029306464,18.1984126984127
6,12:30:00,1.147762289374478,0.7382582250920449,1.2679056022875743,0.04418254311064997,0.27529807871483786,0.5271894568371969,1.0424119347664422,1.5428276456326164,3.431340251685572,4.602919337160499,18.26984126984127
6,13:00:00,1.1568626415232,0.7523454887957799,1.2607601771642207,0.045740308284841345,0.28553903096443556,0.5366654197734246,1.0370828889016097,1.5620046349725418,3.4661339084581546,4.520545615832395,18.238095238095237
6,13:30:00,1.0721018249166518,0.7267317813573425,1.107922036989992,0.04492450943001588,0.2751260208772736,0.5314733312653366,1.005184961992807,1.5042550988664234,3.061899344521035,3.962023095991088,18.27777777777778
6,14:00:00,1.0022852622628244,0.6961982367470538,1.012920460613019,0.04336491069453058,0.2734833827563893,0.5146433620595239,0.9537522739710644,1.4194917814281047,2.7979527600406753,3.639677406372376,18.333333333333332
6,14:30:00,0.9704572605429549,0.6905282388709234,0.9667213257995588,0.041572303133718874,0.26697117160528416,0.5008049205198905,0.9403976892081112,1.3995290668259173,2.6425804066408225,3.4945519627775776,18.53174603174603
6,15:00:00,0.9465296867735441,0.6740084181319645,0.9444788720860561,0.044409857082388135,0.263203316569911,0.4984536464340769,0.8978482863017538,1.3587943352894578,2.561979143388118,3.4276939518229157,18.452380952380953
6,15:30:00,0.9468837456567026,0.6788604856783383,0.9585637675642403,0.03886738693701599,0.2708188393756741,0.488999725418889,0.8899664703237461,1.3210920913335749,2.592642632835965,3.4889100488347724,18.50793650793651
6,16:00:00,0.9249200609911302,0.6745596583201257,0.9341560919373154,0.039759962687045944,0.25460349987923864,0.48628684901445424,0.879795910694044,1.281972152121879,2.536233348047169,3.407432025391515,18.523809523809526
6,16:30:00,0.9111634906858409,0.6617297808681436,0.9144717027538127,0.04227100111605494,0.26169420330366183,0.47600660811757245,0.8456076830610828,1.2816371135563276,2.5084295683947193,3.2874020269398163,18.666666666666668
6,17:00:00,0.9165073105720694,0.6535064381973598,0.9333465849094228,0.04383846936469036,0.2596102488373768,0.4685691612818773,0.8589400502604527,1.281450119783083,2.5461517861938052,3.3924416379451134,18.650793650793652
6,17:30:00,0.9724662754488593,0.6836713444799564,1.0165116484673846,0.04270376330225828,0.2624690213456088,0.5001865057229276,0.8880783205866694,1.3199274770029912,2.7219190295986686,3.7920324536727694,19.150793650793652
6,18:00:00,0.903318077765155,0.6623818489105534,0.9046716012541379,0.04391408906591851,0.259196463882006,0.479713730033738,0.8595582315929275,1.261792441205514,2.4519616586603834,3.336465241706638,19.3015873015873
6,18:30:00,0.9111860139942267,0.6746213730110415,0.9217262929440714,0.043389113163583654,0.26301555290679657,0.493789108458886,0.8475798827666666,1.2656757200902182,2.471395266441452,3.4523416960032045,19.333333333333332
6,19:00:00,0.8963185382075511,0.6527544253904155,0.9092803019310904,0.04083719941210338,0.251978656634474,0.477442364267696,0.8294840704273038,1.2522545682295028,2.4210091320407385,3.387651896483655,19.357142857142858
6,19:30:00,0.8958887354307044,0.6720850591678816,0.895536346047552,0.04139630312777803,0.26181991574863783,0.48482558288946714,0.8501057285090166,1.2470042637406447,2.385908458685927,3.3775727261331054,19.436507936507937
6,20:00:00,0.8992092342807104,0.6626862805045362,0.8982259800261949,0.042208589990675824,0.267591151219129,0.49645229541821145,0.8446912897257666,1.2455531316767265,2.4051909315670663,3.3624768128010496,19.365079365079364
6,20:30:00,0.8846034715302553,0.6515243255185986,0.8763290910254705,0.0401593416745382,0.2591478495259033,0.4767327019958994,0.8374638536261656,1.2508331026263277,2.381223977661705,3.2378050264096845,19.317460317460316
6,21:00:00,0.8882097506158906,0.6663563841966436,0.8781177874882385,0.04526935258936299,0.2613987817223733,0.4789355188305086,0.839642973646733,1.2419004426788856,2.38212372172455,3.2546358758258505,19.333333333333332
6,21:30:00,0.89292431108986,0.6558261388762567,0.8927720548030705,0.04134909236820681,0.256379691080225,0.4800545963704958,0.846138100480901,1.2519511728641122,2.3704087960493534,3.3322186514512584,19.38095238095238
6,22:00:00,0.8928575447208416,0.6564521122677787,0.8855605608458489,0.04410117425664107,0.26678785992648724,0.47867202489787675,0.8458350642950762,1.2521669094983834,2.386980846571635,3.3053399710679616,19.38888888888889
6,22:30:00,0.8931819757571731,0.6551187346767188,0.9014049065137041,0.040066315387801546,0.25628160243050535,0.4736295119332214,0.8430612944023185,1.2327376636811747,2.424385314330216,3.3408350056966407,19.452380952380953
6,23:00:00,0.8921331106124293,0.6542616221001404,0.8909211272338504,0.04324873582930501,0.26143136142694307,0.4804570130866216,0.8377843458911961,1.2506994697515115,2.4005864311176697,3.3270491749667097,19.38888888888889
6,23:30:00,0.9159078154241899,0.6688332404327715,0.9284901576370759,0.04006985558478405,0.2598160243550703,0.48776177721465735,0.8412472045200421,1.2555649550947208,2.589946351315708,3.414148788937301,19.476190476190474

Samples used to generate benchmarkplot: 726438